is_match,tournament,round,player_1,deck_1,player_2,deck_2,playlist_id,original_title
True,YCS Bochum 2018,Round 1,Jörg Müller,Unknown,Eugen Heidt,Unknown,PLIm0Rt8gzRbv3fIxWySnaolII9TXeBGDl,YCS Bochum 2018: Round 1 Feature Match
True,YCS Bochum 2018,Round 2,Phillip Weldinger,Unknown,Meicel Neugebauer,Unknown,PLIm0Rt8gzRbv3fIxWySnaolII9TXeBGDl,YCS Bochum 2018: Round 2 Feature Match
True,YCS Bochum 2018,Round 3,Carmelo Buttiglieri,Unknown,Adam Chamberlain,Unknown,PLIm0Rt8gzRbv3fIxWySnaolII9TXeBGDl,YCS Bochum 2018: Round 3 Feature Match
True,YCS Bochum 2018,Round 4,Jordan Gallacher,Unknown,Steffen Friedow,Unknown,PLIm0Rt8gzRbv3fIxWySnaolII9TXeBGDl,YCS Bochum 2018: Round 4 Feature Match
True,YCS Bochum 2018,Round 5,Loan Cite-Mielle,Unknown,David Schmidt,Unknown,PLIm0Rt8gzRbv3fIxWySnaolII9TXeBGDl,YCS Bochum 2018: Round 5 Feature Match
True,YCS Bochum 2018,Round 6,Jakob Geigenberger,Unknown,Viktor Trautwein,Unknown,PLIm0Rt8gzRbv3fIxWySnaolII9TXeBGDl,YCS Bochum 2018: Round 6 Feature Match
True,YCS Bochum 2018,Round 7,Stefan Frankowski,Unknown,Dinh Khang Pham,Unknown,PLIm0Rt8gzRbv3fIxWySnaolII9TXeBGDl,YCS Bochum 2018: Round 7 Feature Match
True,YCS Bochum 2018,Round 8,Timothy Cox,Unknown,Bastien Magnee,Unknown,PLIm0Rt8gzRbv3fIxWySnaolII9TXeBGDl,YCS Bochum 2018: Round 8 Feature Match
True,YCS Bochum 2018,Round 10,Markus Schmidt,Unknown,Estanita Martina,Unknown,PLIm0Rt8gzRbv3fIxWySnaolII9TXeBGDl,YCS Bochum 2018: Round 10 Feature Match
True,YCS Bochum 2018,Round 9,Tomas Tuvillo,Unknown,Georgior Kotogluo,Unknown,PLIm0Rt8gzRbv3fIxWySnaolII9TXeBGDl,YCS Bochum 2018: Round 9 Feature Match
True,YCS Bochum 2018,Round 11,Adrian Labrador Fonolossa,Unknown,Ryan Jacobs,Unknown,PLIm0Rt8gzRbv3fIxWySnaolII9TXeBGDl,YCS Bochum 2018: Round 11 Feature Match
True,YCS Bochum 2018,Top 32,Niklas Krebs,Unknown,Pietro Fiorito,Unknown,PLIm0Rt8gzRbv3fIxWySnaolII9TXeBGDl,YCS Bochum 2018: Top 32 Feature Match
True,YCS Bochum 2018,Top 16,Dinh Khang Pham,Unknown,Maximilian Kießling,Unknown,PLIm0Rt8gzRbv3fIxWySnaolII9TXeBGDl,YCS Bochum 2018: Top 16 Feature Match
True,YCS Bochum 2018,Top 8,Oliver Vera Delgado,Unknown,Tayfun Bayraktar,Unknown,PLIm0Rt8gzRbv3fIxWySnaolII9TXeBGDl,YCS Bochum 2018: First Top 8 Feature Match
True,YCS Bochum 2018,Top 8,Evaggelos Argyris,Unknown,Maximilian Kießling,Unknown,PLIm0Rt8gzRbv3fIxWySnaolII9TXeBGDl,YCS Bochum 2018: Second Top 8 Feature Match
True,YCS Bochum 2018,Top 4,Marco Perico,Unknown,Tayfun Bayraktar,Unknown,PLIm0Rt8gzRbv3fIxWySnaolII9TXeBGDl,YCS Bochum 2018: Top 4 Feature Match
True,YCS Bochum 2018,Final,Markus Burtchen,Unknown,Marco Perico,Unknown,PLIm0Rt8gzRbv3fIxWySnaolII9TXeBGDl,YCS Bochum 2018: Final
True,YCS Milan 2018,Round 10,Unknown,Unknown,Unknown,Unknown,PLIm0Rt8gzRbvNmWVsRbgwdxXWcX1EXxh0,YCS Milan 2018: Round 10 - Yu-Gi-Oh! Games - Part 1
True,YCS Milan 2018,Round 10,Unknown,Unknown,Unknown,Unknown,PLIm0Rt8gzRbvNmWVsRbgwdxXWcX1EXxh0,YCS Milan 2018: Round 10 - Yu-Gi-Oh! Games - Part 3
True,YCS Milan 2018,Round 10,Unknown,Unknown,Unknown,Unknown,PLIm0Rt8gzRbvNmWVsRbgwdxXWcX1EXxh0,YCS Milan 2018: Round 10 - Yu-Gi-Oh! Games - Part 2
True,YCS Milan 2018,Round 10,Unknown,Unknown,Unknown,Unknown,PLIm0Rt8gzRbvNmWVsRbgwdxXWcX1EXxh0,YCS Milan 2018: Round 10 - Yu-Gi-Oh! Games - Part 4
True,YCS Milan 2018,Round 10,Unknown,Unknown,Unknown,Unknown,PLIm0Rt8gzRbvNmWVsRbgwdxXWcX1EXxh0,YCS Milan 2018: Round 10 - Yu-Gi-Oh! Games - Part 6
True,YCS Milan 2018,Round 10,Unknown,Unknown,Unknown,Unknown,PLIm0Rt8gzRbvNmWVsRbgwdxXWcX1EXxh0,YCS Milan 2018: Round 10 - Yu-Gi-Oh! Games - Part 7
True,YCS Milan 2018,Round 10,Unknown,Unknown,Unknown,Unknown,PLIm0Rt8gzRbvNmWVsRbgwdxXWcX1EXxh0,YCS Milan 2018: Round 10 - Yu-Gi-Oh! Games - Part 5
True,YCS Milan 2018,Round 10,Unknown,Unknown,Unknown,Unknown,PLIm0Rt8gzRbvNmWVsRbgwdxXWcX1EXxh0,YCS Milan 2018: Round 10 - Yu-Gi-Oh! Games - Part 8
True,YCS Milan 2018,Round 10,Unknown,Unknown,Unknown,Unknown,PLIm0Rt8gzRbvNmWVsRbgwdxXWcX1EXxh0,YCS Milan 2018: Round 10 - Yu-Gi-Oh! Games - Part 9
True,YCS Bologna Genesys Invitational,Round 3,Unknown,Dracotail Shaddoll,Unknown,Monarch,PLIm0Rt8gzRbuI3ij0C4yrfAQb8tMbtCt8,Round 3 – Dracotail Shaddoll vs Monarch | YCS Bologna Genesys Invitational
True,YCS Bologna Genesys Invitational,Round 1,Unknown,Radiant Typhoon,Unknown,Lunalight,PLIm0Rt8gzRbuI3ij0C4yrfAQb8tMbtCt8,Round 1 – Radiant Typhoon vs Lunalight | YCS Bologna Genesys Invitational
True,YCS Bologna Genesys Invitational,Round 5,Unknown,Radiant Typhoon,Unknown,Lunalight,PLIm0Rt8gzRbuI3ij0C4yrfAQb8tMbtCt8,Round 5 – Radiant Typhoon vs Lunalight | YCS Bologna Genesys Invitational
True,YCS Bologna Genesys Invitational,Final,Unknown,Lunalight,Unknown,Psychic,PLIm0Rt8gzRbuI3ij0C4yrfAQb8tMbtCt8,Final – Lunalight vs Psychic | YCS Bologna Genesys Invitational
True,YCS Bologna Genesys Invitational,Semi-Final,Unknown,Mathmech,Unknown,Psychic,PLIm0Rt8gzRbuI3ij0C4yrfAQb8tMbtCt8,Semi-Final – Mathmech vs Psychic | YCS Bologna Genesys Invitational
True,YCS Bologna Genesys Invitational,Round 4,Unknown,Artmage,Unknown,Mathmech,PLIm0Rt8gzRbuI3ij0C4yrfAQb8tMbtCt8,Round 4 – Artmage vs Mathmech | YCS Bologna Genesys Invitational
True,YCS Bologna Genesys Invitational,Round 2,Apophis,Unknown,Unknown,Ice Barrier,PLIm0Rt8gzRbuI3ij0C4yrfAQb8tMbtCt8,Round 2 – Apophis vs Ice Barrier | YCS Bologna Genesys Invitational
True,Yu-Gi-Oh! TCG World Championship 2025,Final,Julien K.,Unknown,Tom K.,Unknown,PLIm0Rt8gzRbvUqBmSmnIEr9nTIFuqAW_F,Yu-Gi-Oh! TCG World Championship 2025 FINAL - Julien K. vs Tom K.
True,SPEED DUEL World Championship 2025,Final,Snyffus,Unknown,Kama3,Unknown,PLIm0Rt8gzRbvUqBmSmnIEr9nTIFuqAW_F,Yu-Gi-Oh! DUEL LINKS: SPEED DUEL World Championship 2025 Final: Snyffus vs Kama3
True,Yu-Gi-Oh! MASTER DUEL World Championship 2025,Final,Chaiba Corp,Unknown,Ragnarok,Unknown,PLIm0Rt8gzRbvUqBmSmnIEr9nTIFuqAW_F,Yu-Gi-Oh! MASTER DUEL World Championship 2025 Final: Chaiba Corp vs Ragnarok
True,Yu-Gi-Oh! DUEL LINKS: RUSH DUEL World Championship 2025,Final,Yume Hara Sensei,Unknown,KiryuRyo,Unknown,PLIm0Rt8gzRbvUqBmSmnIEr9nTIFuqAW_F,Yu-Gi-Oh! DUEL LINKS: RUSH DUEL World Championship 2025 Final: Yume Hara Sensei vs KiryuRyo
True,Yu-Gi-Oh! MASTER DUEL World Championship 2025,Round 1,Fala Galera,Unknown,Team 7,Unknown,PLIm0Rt8gzRbvUqBmSmnIEr9nTIFuqAW_F,Yu-Gi-Oh! MASTER DUEL World Championship 2025 Round 1: Fala Galera vs Team 7
True,Yu-Gi-Oh! MASTER DUEL World Championship 2025,Round 3,FCG,Unknown,Soul Form,Unknown,PLIm0Rt8gzRbvUqBmSmnIEr9nTIFuqAW_F,Yu-Gi-Oh! MASTER DUEL World Championship 2025 Round 3: FCG vs Soul Form
True,Yu-Gi-Oh! MASTER DUEL World Championship 2025,Round 2,Chaiba Corp,Unknown,snipehunters,Unknown,PLIm0Rt8gzRbvUqBmSmnIEr9nTIFuqAW_F,Yu-Gi-Oh! MASTER DUEL World Championship 2025 Round 2: Chaiba Corp vs snipehunters
True,Yu-Gi-Oh! MASTER DUEL World Championship 2025,Round 4,Ragnarok,Unknown,Dream's Future,Unknown,PLIm0Rt8gzRbvUqBmSmnIEr9nTIFuqAW_F,Yu-Gi-Oh! MASTER DUEL World Championship 2025 Round 4: Ragnarok vs Dream's Future
True,Yu-Gi-Oh! MASTER DUEL World Championship 2025,Round 5,Alignments,Unknown,snipehunters,Unknown,PLIm0Rt8gzRbvUqBmSmnIEr9nTIFuqAW_F,Yu-Gi-Oh! MASTER DUEL World Championship 2025 Round 5: Alignments vs snipehunters
True,Yu-Gi-Oh! TCG World Championship 2025,Round 1,Yuna D.,Unknown,Ruben P.,Unknown,PLIm0Rt8gzRbvUqBmSmnIEr9nTIFuqAW_F,Yu-Gi-Oh! TCG World Championship 2025 Round 1: Yuna D. vs Ruben P.
True,Yu-Gi-Oh! MASTER DUEL World Championship 2025,Semi-Final 2,Brotdose,Unknown,Ragnarok,Unknown,PLIm0Rt8gzRbvUqBmSmnIEr9nTIFuqAW_F,Yu-Gi-Oh! MASTER DUEL World Championship 2025 Semi-Final 2: Brotdose vs Ragnarok
True,Yu-Gi-Oh! TCG World Championship 2025,Round 4,Felipe B.,Unknown,Shane T.,Unknown,PLIm0Rt8gzRbvUqBmSmnIEr9nTIFuqAW_F,Yu-Gi-Oh! TCG World Championship 2025 Round 4: Felipe B. vs Shane T.
True,Yu-Gi-Oh! TCG World Championship 2025,Round 2,Isaias E.,Unknown,Damien V.,Unknown,PLIm0Rt8gzRbvUqBmSmnIEr9nTIFuqAW_F,Yu-Gi-Oh! TCG World Championship 2025 Round 2: Isaias E. vs Damien V.
True,Yu-Gi-Oh! TCG World Championship 2025,Round 3,Keitaro Y.,Unknown,Wannako T.,Unknown,PLIm0Rt8gzRbvUqBmSmnIEr9nTIFuqAW_F,Yu-Gi-Oh! TCG World Championship 2025 Round 3: Keitaro Y. vs Wannako T.
True,Yu-Gi-Oh! TCG World Championship 2025,Round 5,Tom K.,Unknown,Dino S.,Unknown,PLIm0Rt8gzRbvUqBmSmnIEr9nTIFuqAW_F,Yu-Gi-Oh! TCG World Championship 2025 Round 5: Tom K. vs Dino S.
True,Yu-Gi-Oh! TCG World Championship 2025,Round 6,Charley F.,Unknown,Julien K.,Unknown,PLIm0Rt8gzRbvUqBmSmnIEr9nTIFuqAW_F,Yu-Gi-Oh! TCG World Championship 2025 Round 6 - Charley F. vs Julien K.
True,Yu-Gi-Oh! TCG World Championship 2025,Round 7,Wilfredo F.,Unknown,Johannes B.,Unknown,PLIm0Rt8gzRbvUqBmSmnIEr9nTIFuqAW_F,Yu-Gi-Oh! TCG World Championship 2025 Round 7 - Wilfredo F. vs Johannes B.
True,Yu-Gi-Oh! TCG World Championship 2025,Top 8 Match 1,Yuna D.,Unknown,Julien K.,Unknown,PLIm0Rt8gzRbvUqBmSmnIEr9nTIFuqAW_F,Yu-Gi-Oh! TCG World Championship 2025 Top 8 Match 1 - Yuna D. vs Julien K.
True,Yu-Gi-Oh! TCG World Championship 2025,Top 8,Shane T.,Unknown,Wilfredo F.,Unknown,PLIm0Rt8gzRbvUqBmSmnIEr9nTIFuqAW_F,Yu-Gi-Oh! TCG World Championship 2025 Top 8 - Match 2: Shane T. vs Wilfredo F.
True,Yu-Gi-Oh! TCG World Championship 2025,Top 8 - Match 3,Tom K.,Unknown,Felipe B.,Unknown,PLIm0Rt8gzRbvUqBmSmnIEr9nTIFuqAW_F,Yu-Gi-Oh! TCG World Championship 2025 Top 8 - Match 3: Tom K. vs Felipe B.
True,Yu-Gi-Oh! TCG World Championship 2025,Top 8 - Match 4,Roselle T.,Unknown,Isaias E.,Unknown,PLIm0Rt8gzRbvUqBmSmnIEr9nTIFuqAW_F,Yu-Gi-Oh! TCG World Championship 2025 Top 8 - Match 4: Roselle T. vs Isaias E.
True,Yu-Gi-Oh! TCG World Championship 2025,Top 4,Julien K.,Unknown,Wilfredo F.,Unknown,PLIm0Rt8gzRbvUqBmSmnIEr9nTIFuqAW_F,Yu-Gi-Oh! TCG World Championship 2025 Top 4 - Match 1: Julien K. vs Wilfredo F.
True,Yu-Gi-Oh! TCG World Championship 2025,Top 4 - Match 2,Roselle T.,Unknown,Tom K.,Unknown,PLIm0Rt8gzRbvUqBmSmnIEr9nTIFuqAW_F,Yu-Gi-Oh! TCG World Championship 2025 Top 4 - Match 2: Roselle T. vs Tom K.
True,300th YCS Dortmund 2026,YCS Memories,Unknown,Infernoid Zodiac,Unknown,Paleozoic,PLIm0Rt8gzRbs70xRsspnrAuR1qgUDXl4e,300th YCS Dortmund 2026 - YCS Memories Infernoid Zodiac vs. Paleozoic
True,YCS Düsseldorf 2019,Feature Match,Unknown,Unknown,Unknown,Unknown,PLIm0Rt8gzRbue3Nu1Xy67JzYHUGRFFCSR,Speed Dueling - Feature Match - YCS Düsseldorf 2019
True,YCS Birmingham 2025,Dueling Chronicles,Unknown,Mermail,Unknown,Infernity,PLIm0Rt8gzRbuSa9zamQ9XAqfN9f5wa0IM,YCS Birmingham 2025 - Dueling Chronicles - Mermail vs. Infernity
True,YCS Birmingham 2025,Dueling Chronicles,Unknown,Plant Synchro,Unknown,Gadget,PLIm0Rt8gzRbuSa9zamQ9XAqfN9f5wa0IM,YCS Birmingham 2025 - Dueling Chronicles - Plant Synchro vs. Gadget
True,2017 WCQ: German National Championship,Final,Joel Ramershoven,Unknown,Jonas Spreng,Unknown,PLIm0Rt8gzRbutxiGy8fJI0W3m4bcGg3-j,2017 WCQ: German National Championship - Final
True,2017 WCQ: German National Championship,Top 4,Michael Arndt,Unknown,Jonas Spreng,Unknown,PLIm0Rt8gzRbutxiGy8fJI0W3m4bcGg3-j,2017 WCQ: German National Championship - Top 4
True,2017 WCQ: German National Championship,Top 8,tom Viergutz,Unknown,Pham Dienh Khang,Unknown,PLIm0Rt8gzRbutxiGy8fJI0W3m4bcGg3-j,2017 WCQ: German National Championship - Top 8
True,2017 WCQ: German National Championship,Top 16,Joshua Schmidt,Unknown,Carl-Phillip Blaschke,Unknown,PLIm0Rt8gzRbutxiGy8fJI0W3m4bcGg3-j,2017 WCQ: German National Championship - Top 16
True,2017 WCQ: German National Championship,Top 32,Joel Ramershoven,Unknown,Elias Stahlberg,Unknown,PLIm0Rt8gzRbutxiGy8fJI0W3m4bcGg3-j,2017 WCQ: German National Championship - Top 32
True,2017 WCQ: German National Championship,Top 64,Ilja Rogosin,Unknown,Fabian Renner,Unknown,PLIm0Rt8gzRbutxiGy8fJI0W3m4bcGg3-j,2017 WCQ: German National Championship - Top 64
True,2017 WCQ: German National Championship,Round 10,Jean Schaller,Unknown,Dominic Nivens,Unknown,PLIm0Rt8gzRbutxiGy8fJI0W3m4bcGg3-j,2017 WCQ: German National Championship - Round 10
True,2017 WCQ: German National Championship,Round 9,Patrick Deobelin,Unknown,Tobias Schulokat,Unknown,PLIm0Rt8gzRbutxiGy8fJI0W3m4bcGg3-j,2017 WCQ: German National Championship - Round 9
True,2017 WCQ: German National Championship,Round 8,Marian Steubing,Unknown,Julian Schwarzkopf,Unknown,PLIm0Rt8gzRbutxiGy8fJI0W3m4bcGg3-j,2017 WCQ: German National Championship - Round 8
True,2017 WCQ: German National Championship,Round 7,Alpay Engin,Unknown,Marlon Reimnitz,Unknown,PLIm0Rt8gzRbutxiGy8fJI0W3m4bcGg3-j,2017 WCQ: German National Championship - Round 7
True,2017 WCQ: German National Championship,Round 6,Eugen Heidt,Unknown,Soeren Bartels,Unknown,PLIm0Rt8gzRbutxiGy8fJI0W3m4bcGg3-j,2017 WCQ: German National Championship - Round 6
True,2017 WCQ: German National Championship,Round 4,Alexander Hultzsch,Unknown,Harald Rose,Unknown,PLIm0Rt8gzRbutxiGy8fJI0W3m4bcGg3-j,2017 WCQ: German National Championship - Round 4
True,2017 WCQ: German National Championship,Round 5,Mirco Engel,Unknown,Andre Runde,Unknown,PLIm0Rt8gzRbutxiGy8fJI0W3m4bcGg3-j,2017 WCQ: German National Championship - Round 5
True,2017 WCQ: German National Championship,Round 3,Patrick Hofmann,Unknown,Jennie Albrecht,Unknown,PLIm0Rt8gzRbutxiGy8fJI0W3m4bcGg3-j,2017 WCQ: German National Championship - Round 3
True,2017 WCQ: German National Championship,Round 2,Matthias Dirksen,Unknown,Sebastian Vollbrecht,Unknown,PLIm0Rt8gzRbutxiGy8fJI0W3m4bcGg3-j,2017 WCQ: German National Championship - Round 2
True,2017 WCQ: German National Championship,Round 1,Timo Hempel,Unknown,Niklas Block,Unknown,PLIm0Rt8gzRbutxiGy8fJI0W3m4bcGg3-j,2017 WCQ: German National Championship - Round 1
True,275th YCS Lille,Caster vs Master,Leonard König,Unknown,Anthony Lopes,Unknown,PLIm0Rt8gzRbsro5ChBPW-Jv8q2Potz2ll,275th YCS Lille - Caster vs Master: Leonard König vs Anthony Lopes
True,275th YCS Lille 2024,Caster vs Master,Sebastian Lemke,Unknown,Christos Mourikis,Unknown,PLIm0Rt8gzRbsro5ChBPW-Jv8q2Potz2ll,275th YCS Lille 2024 - Caster vs Master: Sebastian Lemke vs Christos Mourikis
True,YCS London 2017,Round 1,Thomas Rose,Unknown,Quentin Mittwede,Unknown,PLIm0Rt8gzRbvARnj3qZUwXVaN3WLiZu-G,YCS London 2017: Round 1
True,YCS London 2017,Round 2,Raphael Neven,Unknown,Ryan Jacobs,Unknown,PLIm0Rt8gzRbvARnj3qZUwXVaN3WLiZu-G,YCS London 2017: Round 2
True,YCS London 2017,Round 3,Tom Watabiki,Unknown,Christoph Blaurock,Unknown,PLIm0Rt8gzRbvARnj3qZUwXVaN3WLiZu-G,YCS London 2017: Round 3
True,YCS London 2017,Round 4,Aaron Furman,Unknown,Luka Krašna,Unknown,PLIm0Rt8gzRbvARnj3qZUwXVaN3WLiZu-G,YCS London 2017: Round 4
True,YCS London 2017,Round 5,Christophe McCallum,Unknown,QIvan Arabadzhyiski,Unknown,PLIm0Rt8gzRbvARnj3qZUwXVaN3WLiZu-G,YCS London 2017: Round 5
True,YCS London 2017,Round 6,Jan Oliver Gross,Unknown,Joshua Oosters,Unknown,PLIm0Rt8gzRbvARnj3qZUwXVaN3WLiZu-G,YCS London 2017: Round 6
True,YCS London 2017,Round 7,Mirko Zanelli,Unknown,John Lascelles,Unknown,PLIm0Rt8gzRbvARnj3qZUwXVaN3WLiZu-G,YCS London 2017: Round 7
True,YCS London 2017,Round 8,Mike Cleaver,Unknown,Sebastian Dixon-Smith,Unknown,PLIm0Rt8gzRbvARnj3qZUwXVaN3WLiZu-G,YCS London 2017: Round 8
True,YCS London 2017,Round 9,Alessandro Perrone,Unknown,Michael Forner,Unknown,PLIm0Rt8gzRbvARnj3qZUwXVaN3WLiZu-G,YCS London 2017: Round 9
True,YCS London 2017,Round 10,Erikos Bek,Unknown,Marcello Barberi,Unknown,PLIm0Rt8gzRbvARnj3qZUwXVaN3WLiZu-G,YCS London 2017: Round 10
True,YCS London 2017,Round 11,Leon Dowe-Ranger,Unknown,Leon Dowe-Ranger,Unknown,PLIm0Rt8gzRbvARnj3qZUwXVaN3WLiZu-G,YCS London 2017: Round 11
True,YCS London 2017,Top 16,Connor Dilworth,Unknown,Mario Argirò,Unknown,PLIm0Rt8gzRbvARnj3qZUwXVaN3WLiZu-G,YCS London 2017: Top 16
True,YCS London 2017,Top 32,Carmelo Buttiglieri,Unknown,Max Hanuschik,Unknown,PLIm0Rt8gzRbvARnj3qZUwXVaN3WLiZu-G,YCS London 2017: Top 32
True,YCS London 2017,Top 16,Connor Dilworth,Unknown,Mario Argirò,Unknown,PLIm0Rt8gzRbvARnj3qZUwXVaN3WLiZu-G,YCS London 2017: Top 16
True,YCS London 2017,Top 8,Jesse Kotton,Unknown,Mario Argirò,Unknown,PLIm0Rt8gzRbvARnj3qZUwXVaN3WLiZu-G,YCS London 2017: Top 8
True,YCS London 2017,Top 4,Tim Cox,Unknown,JY Sharif,Unknown,PLIm0Rt8gzRbvARnj3qZUwXVaN3WLiZu-G,YCS London 2017: Top 4
True,YCS London 2017,Final,Jesse Kotton,Unknown,Jesse Kotton,Unknown,PLIm0Rt8gzRbvARnj3qZUwXVaN3WLiZu-G,YCS London 2017: Final
True,2017 WCQ: UK National Championship,Final,Matthew Mills,Unknown,Kali McMorran,Unknown,PLIm0Rt8gzRbtzapH_8KLPAehZVrHsALMR,2017 WCQ: UK National Championship - Final
True,2017 WCQ: UK National Championship,Top 4,Luke Tyler,Unknown,Kali Mcmorran,Unknown,PLIm0Rt8gzRbtzapH_8KLPAehZVrHsALMR,2017 WCQ: UK National Championship - Top 4
True,2017 WCQ: UK National Championship,Top 8,Matthew Mills,Unknown,Anthony Vale,Unknown,PLIm0Rt8gzRbtzapH_8KLPAehZVrHsALMR,2017 WCQ: UK National Championship - Top 8
True,2017 WCQ: UK National Championship,Top 16,Jamie Walkinshaw,Unknown,Luke Tyler,Unknown,PLIm0Rt8gzRbtzapH_8KLPAehZVrHsALMR,2017 WCQ: UK National Championship - Top 16
True,2017 WCQ: UK National Championship,Round 9,Callum Hinchcliffe,Unknown,Dale Hawkes,Unknown,PLIm0Rt8gzRbtzapH_8KLPAehZVrHsALMR,2017 WCQ: UK National Championship - Round 9
True,2017 WCQ: UK National Championship,Top 32,Marcus Patel,Unknown,Ping Xiao,Unknown,PLIm0Rt8gzRbtzapH_8KLPAehZVrHsALMR,2017 WCQ: UK National Championship - Top 32
True,2017 WCQ: UK National Championship,Round 10,Anthony Allsopp,Unknown,Jawad Chowdhury,Unknown,PLIm0Rt8gzRbtzapH_8KLPAehZVrHsALMR,2017 WCQ: UK National Championship - Round 10
True,2017 WCQ: UK National Championship,Round 8,Finn Bakewell,Unknown,Dan Mills,Unknown,PLIm0Rt8gzRbtzapH_8KLPAehZVrHsALMR,2017 WCQ: UK National Championship - Round 8
True,2017 WCQ: UK National Championship,Round 7,Michael Broadbent,Unknown,Binoe Abuan,Unknown,PLIm0Rt8gzRbtzapH_8KLPAehZVrHsALMR,2017 WCQ: UK National Championship - Round 7
True,2017 WCQ: UK National Championship,Round 6,Andre Delury,Unknown,Chamilka Jaimie Jayasena,Unknown,PLIm0Rt8gzRbtzapH_8KLPAehZVrHsALMR,2017 WCQ: UK National Championship - Round 6
True,2017 WCQ: UK National Championship,Round 4,Michael Cleaver,Unknown,Kaddouri Houcine,Unknown,PLIm0Rt8gzRbtzapH_8KLPAehZVrHsALMR,2017 WCQ: UK National Championship - Round 4
True,2017 WCQ: UK National Championship,Round 5,Richard Todd,Unknown,Henry Stittle,Unknown,PLIm0Rt8gzRbtzapH_8KLPAehZVrHsALMR,2017 WCQ: UK National Championship - Round 5
True,2017 WCQ: UK National Championship,Round 3,Usman Mannan,Unknown,Beuben Baron,Unknown,PLIm0Rt8gzRbtzapH_8KLPAehZVrHsALMR,2017 WCQ: UK National Championship - Round 3
True,2017 WCQ: UK National Championship,Round 2,Ben Sherman,Unknown,Jordan Gallacher,Unknown,PLIm0Rt8gzRbtzapH_8KLPAehZVrHsALMR,2017 WCQ: UK National Championship - Round 2
True,2017 WCQ: UK National Championship,Round 1,Jared Stone,Unknown,Yu Tang,Unknown,PLIm0Rt8gzRbtzapH_8KLPAehZVrHsALMR,2017 WCQ: UK National Championship - Round 1
True,WQP Playoff Berlin 2024,Round 2,Pierre Burgals,Unknown,Gabriel Netz,Unknown,PLIm0Rt8gzRbsuyvjSAe5Zf9_CxIvEqsH2,WQP Playoff Berlin 2024 - Round 2 - Pierre Burgals vs. Gabriel Netz
True,WQP Playoff Berlin 2024,Round 1,Anthony Lopes,Unknown,Baptiste Derouin,Unknown,PLIm0Rt8gzRbsuyvjSAe5Zf9_CxIvEqsH2,WQP Playoff Berlin 2024 - Round 1 - Anthony Lopes vs. Baptiste Derouin
True,2018 YCS London,Final,Mirko Zanelli,Unknown,Ping Xiao,Unknown,PLIm0Rt8gzRbvdbAcXuDGBPDQ24dW5wjKc,2018 YCS London: Yu-Gi-Oh Championship Series - Final - Mirko Zanelli vs Ping Xiao
True,2018 YCS London,Top 8,Andre Delury,Unknown,Bohdan Temnyk,Unknown,PLIm0Rt8gzRbvdbAcXuDGBPDQ24dW5wjKc,2018 YCS London: Yu-Gi-Oh Championship Series - Top 8 - Andre Delury vs Bohdan Temnyk
True,2018 YCS London,Top 4,Ping Xiao,Unknown,Tayfun Bayraktar,Unknown,PLIm0Rt8gzRbvdbAcXuDGBPDQ24dW5wjKc,2018 YCS London: Yu-Gi-Oh Championship Series - Top 4 - Ping Xiao vs Tayfun Bayraktar
True,2018 YCS London,Top 16,Ping Xiao,Unknown,Isaia Modena,Unknown,PLIm0Rt8gzRbvdbAcXuDGBPDQ24dW5wjKc,2018 YCS London: Yu-Gi-Oh Championship Series - Top 16 - Ping Xiao vs Isaia Modena
True,2018 YCS London,Top 32,Benjamin Robinson,Unknown,Zhengyang Chen,Unknown,PLIm0Rt8gzRbvdbAcXuDGBPDQ24dW5wjKc,2018 YCS London: Yu-Gi-Oh Championship Series - Top 32 - Benjamin Robinson vs Zhengyang Chen
True,2018 YCS London,Round 11,Thomas Rose,Unknown,Michael Forner,Unknown,PLIm0Rt8gzRbvdbAcXuDGBPDQ24dW5wjKc,2018 YCS London: Yu-Gi-Oh Championship Series - Round 11 - Thomas Rose vs Michael Forner
True,2018 YCS London,Round 10,Malvin Dionisio,Unknown,Niklas Seidel,Unknown,PLIm0Rt8gzRbvdbAcXuDGBPDQ24dW5wjKc,2018 YCS London: Yu-Gi-Oh Championship Series - Round 10 - Malvin Dionisio vs Niklas Seidel
True,2018 YCS London,Round 8,Usman Mannan,Unknown,Anthony Allsop,Unknown,PLIm0Rt8gzRbvdbAcXuDGBPDQ24dW5wjKc,2018 YCS London: Yu-Gi-Oh Championship Series - Round 8 - Usman Mannan vs Anthony Allsop
True,2018 YCS London,Round 9,Erikos Bek,Unknown,Jeremy Hill,Unknown,PLIm0Rt8gzRbvdbAcXuDGBPDQ24dW5wjKc,2018 YCS London: Yu-Gi-Oh Championship Series - Round 9 - Erikos Bek vs Jeremy Hill
True,2018 YCS London,Round 7,Siemen Kiebooms,Unknown,Nick Burgess,Unknown,PLIm0Rt8gzRbvdbAcXuDGBPDQ24dW5wjKc,2018 YCS London: Yu-Gi-Oh Championship Series - Round 7 - Siemen Kiebooms vs Nick Burgess
True,2018 YCS London,Round 5,Walid Ben-Abbes,Unknown,Joshua Oosters,Unknown,PLIm0Rt8gzRbvdbAcXuDGBPDQ24dW5wjKc,2018 YCS London: Yu-Gi-Oh Championship Series - Round 5 - Walid Ben-Abbes vs Joshua Oosters
True,2018 YCS London,Round 3,Ash Seaman,Unknown,Tim Bayer,Unknown,PLIm0Rt8gzRbvdbAcXuDGBPDQ24dW5wjKc,2018 YCS London: Yu-Gi-Oh Championship Series - Round 3 - Ash Seaman vs Tim Bayer
True,2018 YCS London,Round 6,Lukas Prinz,Unknown,Jake Sault,Unknown,PLIm0Rt8gzRbvdbAcXuDGBPDQ24dW5wjKc,2018 YCS London: Yu-Gi-Oh Championship Series - Round 6 - Lukas Prinz vs Jake Sault
True,2018 YCS London,Round 4,Alec Drinkwater,Unknown,Yuqi Qin,Unknown,PLIm0Rt8gzRbvdbAcXuDGBPDQ24dW5wjKc,2018 YCS London: Yu-Gi-Oh Championship Series - Round 4 - Alec Drinkwater vs Yuqi Qin
True,2018 YCS London,Round 2,Federico Mecozzi,Unknown,Bruce Wentzel,Unknown,PLIm0Rt8gzRbvdbAcXuDGBPDQ24dW5wjKc,2018 YCS London: Yu-Gi-Oh Championship Series - Round 2 - Federico Mecozzi vs Bruce Wentzel
True,2018 YCS London,Round 1,Jesse Kotton,Unknown,Matthew Thompstone,Unknown,PLIm0Rt8gzRbvdbAcXuDGBPDQ24dW5wjKc,2018 YCS London: Yu-Gi-Oh Championship Series - Round 1 - Jesse Kotton vs Matthew Thompstone
True,YCS London 2018,Exhibition,AlexYuki,Unknown,Timmymon,Unknown,PLIm0Rt8gzRbvdbAcXuDGBPDQ24dW5wjKc,Yu-Gi-Oh! Duel Links Exhibition: AlexYuki vs Timmymon
True,YCS London,Round 2,Jake Quinsee,Unknown,Sam Hill,Unknown,PLIm0Rt8gzRbsM_eU_TVTTh8GJPA1ZCF0Z,YCS London: Round 2 Feature Match
True,YCS London,Round 4,Michael Cipalz,Unknown,Marcello Barberi,Unknown,PLIm0Rt8gzRbsM_eU_TVTTh8GJPA1ZCF0Z,YCS London: Round 4 Feature Match
True,YCS London,Round 6,Paolo Pacchiana,Unknown,Mathew Wheelwright,Geargia,PLIm0Rt8gzRbsM_eU_TVTTh8GJPA1ZCF0Z,YCS London: Round 6 Feature Match
True,YCS London,Round 5,Federico Zoppini,Shaddoll,Peter Gross,Unknown,PLIm0Rt8gzRbsM_eU_TVTTh8GJPA1ZCF0Z,YCS London: Round 5 Feature Match
True,YCS Prague,Round 3,Unknown,Unknown,Unknown,Unknown,PLIm0Rt8gzRbtuya5V5H6zeKwIlmbwyunI,YCS Prague: Round 3 Feature Match
True,2018 Yu-Gi-Oh! Duel Links World Championship,Unknown,Jason Chu,Unknown,Marjo Jahaj,Unknown,PLIm0Rt8gzRbsNALbcx6KJ8V5a2-mYLUCn,2018 Yu-Gi-Oh! Duel Links World Championship - Jason Chu vs Marjo Jahaj
True,2018 Yu-Gi-Oh! Duel Links World Championship,Unknown,Roy Svinik,Unknown,Ryoichi Kitahata,Unknown,PLIm0Rt8gzRbsNALbcx6KJ8V5a2-mYLUCn,2018 Yu-Gi-Oh! Duel Links World Championship - Roy Svinik vs Ryoichi Kitahata
True,2018 Yu-Gi-Oh! TCG Dragon Duel World Championship,Unknown,Koizumi Yuto,Unknown,James English,Unknown,PLIm0Rt8gzRbsNALbcx6KJ8V5a2-mYLUCn,2018 Yu-Gi-Oh! TCG Dragon Duel World Championship - Koizumi Yuto vs James English
True,2018 Yu-Gi-Oh! TCG Dragon Duel World Championship,Quarter-Final,Unknown,Unknown,Unknown,Unknown,PLIm0Rt8gzRbsNALbcx6KJ8V5a2-mYLUCn,2018 Yu-Gi-Oh! TCG Dragon Duel World Championship - Quarter-Final
True,2018 Yu-Gi-Oh! TCG World Championship,Unknown,Walter Jule,Unknown,Seung-Chul Jung,Unknown,PLIm0Rt8gzRbsNALbcx6KJ8V5a2-mYLUCn,2018 Yu-Gi-Oh! TCG World Championship - Walter Jule vs Seung-Chul Jung
True,2018 Yu-Gi-Oh! TCG Dragon Duel World Championship,Unknown,Charley Futch III,Unknown,Wu Hung-Wei,Unknown,PLIm0Rt8gzRbsNALbcx6KJ8V5a2-mYLUCn,2018 Yu-Gi-Oh! TCG Dragon Duel World Championship - Charley Futch III vs Wu Hung-Wei
True,2018 Yu-Gi-Oh! TCG World Championship,Unknown,Akira Hasegawa,Unknown,Gabriel Vargas,Unknown,PLIm0Rt8gzRbsNALbcx6KJ8V5a2-mYLUCn,2018 Yu-Gi-Oh! TCG World Championship - Akira Hasegawa vs Gabriel Vargas
True,2018 Yu-Gi-Oh! TCG World Championship,Quarter-Final,Unknown,Unknown,Unknown,Unknown,PLIm0Rt8gzRbsNALbcx6KJ8V5a2-mYLUCn,2018 Yu-Gi-Oh! TCG World Championship - Quarter-Final
True,2018 Yu-Gi-Oh! TCG World Championship,3rd Place Playoff,Unknown,Unknown,Unknown,Unknown,PLIm0Rt8gzRbsNALbcx6KJ8V5a2-mYLUCn,2018 Yu-Gi-Oh! TCG World Championship - 3rd Place Playoff
True,2018 Yu-Gi-Oh! TCG World Championship,Semi-Final,Unknown,Unknown,Unknown,Unknown,PLIm0Rt8gzRbsNALbcx6KJ8V5a2-mYLUCn,2018 Yu-Gi-Oh! TCG World Championship - Semi-Final
True,2018 Yu-Gi-Oh! TCG World Championship,Unknown,Ryosuke Tsujimura,Unknown,Poe Jiang,Unknown,PLIm0Rt8gzRbsNALbcx6KJ8V5a2-mYLUCn,2018 Yu-Gi-Oh! TCG World Championship - Ryosuke Tsujimura vs Poe Jiang
True,2018 Yu-Gi-Oh! Duel Links World Championship,Final,Unknown,Unknown,Unknown,Unknown,PLIm0Rt8gzRbsNALbcx6KJ8V5a2-mYLUCn,2018 Yu-Gi-Oh! Duel Links World Championship - Final
True,2018 Yu-Gi-Oh! TCG World Dragon Duel Championship,Final,Unknown,Unknown,Unknown,Unknown,PLIm0Rt8gzRbsNALbcx6KJ8V5a2-mYLUCn,2018 Yu-Gi-Oh! TCG World Dragon Duel Championship - Final
True,2018 Yu-Gi-Oh! TCG World Championship,Final,Unknown,Unknown,Unknown,Unknown,PLIm0Rt8gzRbsNALbcx6KJ8V5a2-mYLUCn,2018 Yu-Gi-Oh! TCG World Championship - Final & Award Ceremony
True,2016 WCQ: UK National,Final,Unknown,Unknown,Unknown,Unknown,PLIm0Rt8gzRbsidpr96G4FFXf9GvdMh-lB,2016 WCQ: UK National | Final
True,2016 WCQ: UK National,Top 4,Unknown,Unknown,Unknown,Unknown,PLIm0Rt8gzRbsidpr96G4FFXf9GvdMh-lB,2016 WCQ: UK National | Top 4
True,2016 WCQ: UK National,Top 8,Unknown,Unknown,Unknown,Unknown,PLIm0Rt8gzRbsidpr96G4FFXf9GvdMh-lB,2016 WCQ: UK National | Top 8
True,2016 WCQ: UK National,Top 16,Unknown,Unknown,Unknown,Unknown,PLIm0Rt8gzRbsidpr96G4FFXf9GvdMh-lB,2016 WCQ: UK National | Top 16
True,2016 WCQ: UK National,Top 32,Unknown,Unknown,Unknown,Unknown,PLIm0Rt8gzRbsidpr96G4FFXf9GvdMh-lB,2016 WCQ: UK National | Top 32
True,2016 WCQ: UK National,Round 10,Unknown,Unknown,Unknown,Unknown,PLIm0Rt8gzRbsidpr96G4FFXf9GvdMh-lB,2016 WCQ: UK National | Round 10 (Part 2)
True,2016 WCQ: UK National,Top 64,Unknown,Unknown,Unknown,Unknown,PLIm0Rt8gzRbsidpr96G4FFXf9GvdMh-lB,2016 WCQ: UK National | Top 64
True,2016 WCQ: UK National,Round 10,Unknown,Unknown,Unknown,Unknown,PLIm0Rt8gzRbsidpr96G4FFXf9GvdMh-lB,2016 WCQ: UK National | Round 10 (Part 1)
True,2016 WCQ: UK National,Round 9,Unknown,Unknown,Unknown,Unknown,PLIm0Rt8gzRbsidpr96G4FFXf9GvdMh-lB,2016 WCQ: UK National | Round 9
True,2016 WCQ: UK National,Round 8,Unknown,Unknown,Unknown,Unknown,PLIm0Rt8gzRbsidpr96G4FFXf9GvdMh-lB,2016 WCQ: UK National | Round 8
True,2016 WCQ: UK National,Round 6,Unknown,Unknown,Unknown,Unknown,PLIm0Rt8gzRbsidpr96G4FFXf9GvdMh-lB,2016 WCQ: UK National | Round 6
True,2016 WCQ: UK National,Round 7,Unknown,Unknown,Unknown,Unknown,PLIm0Rt8gzRbsidpr96G4FFXf9GvdMh-lB,2016 WCQ: UK National | Round 7
True,2016 WCQ: UK National,Round 4,Unknown,Unknown,Unknown,Unknown,PLIm0Rt8gzRbsidpr96G4FFXf9GvdMh-lB,2016 WCQ: UK National | Round 4
True,2016 WCQ: UK National,Round 5,Unknown,Unknown,Unknown,Unknown,PLIm0Rt8gzRbsidpr96G4FFXf9GvdMh-lB,2016 WCQ: UK National | Round 5
True,2016 WCQ: UK National,Round 3,Unknown,Unknown,Unknown,Unknown,PLIm0Rt8gzRbsidpr96G4FFXf9GvdMh-lB,2016 WCQ: UK National | Round 3
True,2016 WCQ: UK National,Round 1,Unknown,Unknown,Unknown,Unknown,PLIm0Rt8gzRbsidpr96G4FFXf9GvdMh-lB,2016 WCQ: UK National | Round 1 (Part 1)
True,2016 WCQ: UK National,Round 2,Unknown,Unknown,Unknown,Unknown,PLIm0Rt8gzRbsidpr96G4FFXf9GvdMh-lB,2016 WCQ: UK National | Round 2
True,2016 WCQ: UK National,Round 1,Unknown,Unknown,Unknown,Unknown,PLIm0Rt8gzRbsidpr96G4FFXf9GvdMh-lB,2016 WCQ: UK National | Round 1 (Part 2)
True,YCS Utrecht 2020,Round 3,Eugen Heidt,Unknown,Alpay Engin,Unknown,PLIm0Rt8gzRbuO5Y9S6sLDEcy9ceIQpkHB,YCS Utrecht 2020 - Round 3 - Eugen Heidt vs. Alpay Engin
True,YCS Utrecht 2020,Round 4,Thomas Williams,Unknown,Alex Robertson,Unknown,PLIm0Rt8gzRbuO5Y9S6sLDEcy9ceIQpkHB,YCS Utrecht 2020 - Round 4 - Thomas Williams vs. Alex Robertson
True,YCS Utrecht 2020,Round 1,Niko Schlierkamp,Unknown,Kian Shahbazi,Unknown,PLIm0Rt8gzRbuO5Y9S6sLDEcy9ceIQpkHB,YCS Utrecht 2020 - Round 1 - Niko Schlierkamp vs. Kian Shahbazi
True,YCS Utrecht 2020,Round 2,Martin Perleberg,Unknown,Anil Toprak,Unknown,PLIm0Rt8gzRbuO5Y9S6sLDEcy9ceIQpkHB,YCS Utrecht 2020 - Round 2 - Martin Perleberg vs. Anil Toprak
True,YCS Utrecht 2020,Round 5,Conor Moran,Unknown,Kevin Goncalves-Rodrigues,Unknown,PLIm0Rt8gzRbuO5Y9S6sLDEcy9ceIQpkHB,YCS Utrecht 2020 - Round 5 - Conor Moran vs. Kevin Goncalves-Rodrigues
True,YCS Utrecht 2020,Round 10,Efstratios Tzanos,Unknown,Johannes Wagner,Unknown,PLIm0Rt8gzRbuO5Y9S6sLDEcy9ceIQpkHB,YCS Utrecht 2020 - Round 10 - Efstratios Tzanos vs. Johannes Wagner
True,YCS Utrecht 2020,Round 6,Daniel Schwarze,Unknown,Herman Hansson,Unknown,PLIm0Rt8gzRbuO5Y9S6sLDEcy9ceIQpkHB,YCS Utrecht 2020 - Round 6 - Daniel Schwarze vs. Herman Hansson
True,YCS Utrecht 2020,Round 8,Zahab Shah,Unknown,Daniel Neubauer,Unknown,PLIm0Rt8gzRbuO5Y9S6sLDEcy9ceIQpkHB,YCS Utrecht 2020 - Round 8 - Zahab Shah vs. Daniel Neubauer
True,YCS Utrecht 2020,Round 9,Adler Rusty,Unknown,Zoltan Jr. Kolonics,Unknown,PLIm0Rt8gzRbuO5Y9S6sLDEcy9ceIQpkHB,YCS Utrecht 2020 - Round 9 - Adler Rusty vs. Zoltan Jr. Kolonics
True,YCS Utrecht 2020,Round 12,Jakob Bentzen,Unknown,Quentin Royer,Unknown,PLIm0Rt8gzRbuO5Y9S6sLDEcy9ceIQpkHB,YCS Utrecht 2020 - Round 12 - Jakob Bentzen vs. Quentin Royer
True,YCS Utrecht 2020,Round 11,Loan Cite-Miielle,Unknown,Niklas-Peter Wand,Unknown,PLIm0Rt8gzRbuO5Y9S6sLDEcy9ceIQpkHB,YCS Utrecht 2020 - Round 11 - Loan Cite-Miielle vs. Niklas-Peter Wand
True,Yu-Gi-Oh Championship Series - Utrecht,Round 1,Bohdan Temnyk,Unknown,Ulysse Rissons,Unknown,PLIm0Rt8gzRburE-D3lYnL5QL6INZRSHn2,2018 YCS: Yu-Gi-Oh Championship Series - Utrecht - Round 1 - Bohdan Temnyk vs. Ulysse Rissons
True,YCS Utrecht 2020,Round 7,Eike Ruting,Unknown,David Erpen,Unknown,PLIm0Rt8gzRbuO5Y9S6sLDEcy9ceIQpkHB,YCS Utrecht 2020 - Round 7 - Eike Ruting vs. David Erpen
True,2018 YCS Utrecht,Round 2,Jurre de Mare,Unknown,Gabriele Sgotti,Unknown,PLIm0Rt8gzRburE-D3lYnL5QL6INZRSHn2,2018 YCS: Yu-Gi-Oh Championship Series - Utrecht - Round 2 - Jurre de Mare vs Gabriele Sgotti
True,YCS Utrecht 2018,Round 3,Daniel Brütt,Unknown,Daniel Winkler,Unknown,PLIm0Rt8gzRburE-D3lYnL5QL6INZRSHn2,2018 YCS: Yu-Gi-Oh Championship Series - Utrecht - Round 3 - Daniel Brütt vs Daniel Winkler
True,Yu-Gi-Oh Championship Series - Utrecht 2018,Round 5,Marvin Weber,Unknown,Lucien Hauer,Unknown,PLIm0Rt8gzRburE-D3lYnL5QL6INZRSHn2,2018 YCS: Yu-Gi-Oh Championship Series - Utrecht - Round 5 - Marvin Weber vs Lucien Hauer
True,YCS Utrecht,Round 7,Maximilian Gröschler,Unknown,Anthony Lopes,Unknown,PLIm0Rt8gzRburE-D3lYnL5QL6INZRSHn2,2018 YCS: Yu-Gi-Oh Championship Series - Utrecht - Round 7 - Maximilian Gröschler vs Anthony Lopes
True,Yu-Gi-Oh Championship Series - Utrecht 2018,Round 6,Themis Gkyzis,Unknown,Elias Stahlberg,Unknown,PLIm0Rt8gzRburE-D3lYnL5QL6INZRSHn2,2018 YCS: Yu-Gi-Oh Championship Series - Utrecht - Round 6 - Themis Gkyzis vs Elias Stahlberg
True,YCS Utrecht 2018,Round 9,Valentin Migdal,Unknown,Stefano Bosso,Unknown,PLIm0Rt8gzRburE-D3lYnL5QL6INZRSHn2,2018 YCS: Yu-Gi-Oh Championship Series - Utrecht - Round 9 - Valentin Migdal vs Stefano Bosso
True,Yu-Gi-Oh Championship Series - Utrecht 2018,Round 8,Pascal Kihm,Unknown,Zekias Shah,Unknown,PLIm0Rt8gzRburE-D3lYnL5QL6INZRSHn2,2018 YCS: Yu-Gi-Oh Championship Series - Utrecht - Round 8 - Pascal Kihm vs Zekias Shah
True,Yu-Gi-Oh Championship Series - Utrecht,Round 10,Luke Parkes,Unknown,Wolf Lechte,Unknown,PLIm0Rt8gzRburE-D3lYnL5QL6INZRSHn2,2018 YCS: Yu-Gi-Oh Championship Series - Utrecht - Round 10 - Luke Parkes vs Wolf Lechte
True,Yu-Gi-Oh Championship Series - Utrecht,Round 12,Uros Pavlovic,Unknown,Philipp Wolsdorfer,Unknown,PLIm0Rt8gzRburE-D3lYnL5QL6INZRSHn2,2018 YCS: Yu-Gi-Oh Championship Series - Utrecht - Round 12 - Uros Pavlovic vs Philipp Wolsdorfer
True,YCS Utrecht 2018,Round 11,George Apostolidis,Unknown,Severin Frank,Unknown,PLIm0Rt8gzRburE-D3lYnL5QL6INZRSHn2,2018 YCS: Yu-Gi-Oh Championship Series - Utrecht - Round 11 - George Apostolidis vs Severin Frank
True,Yu-Gi-Oh Championship Series - Utrecht,Top 32,Cevin Katter,Unknown,Christos Mourikis,Unknown,PLIm0Rt8gzRburE-D3lYnL5QL6INZRSHn2,2018 YCS: Yu-Gi-Oh Championship Series - Utrecht - Top 32 - Cevin Katter vs Christos Mourikis
True,Yu-Gi-Oh Championship Series - Utrecht,Top 64,Thomas Rose,Unknown,Matteo Pelloni,Unknown,PLIm0Rt8gzRburE-D3lYnL5QL6INZRSHn2,2018 YCS: Yu-Gi-Oh Championship Series - Utrecht - Top 64 - Thomas Rose vs Matteo Pelloni
True,YCS Utrecht 2018,Top 16,Sven Rebmann,Unknown,Marcel Hansch,Unknown,PLIm0Rt8gzRburE-D3lYnL5QL6INZRSHn2,2018 YCS: Yu-Gi-Oh Championship Series - Utrecht - Top 16 - Sven Rebmann vs Marcel Hansch
True,YCS Utrecht 2018,Top 8,Erikos Bek,Unknown,Niko Schlierkamp,Unknown,PLIm0Rt8gzRburE-D3lYnL5QL6INZRSHn2,2018 YCS: Yu-Gi-Oh Championship Series - Utrecht - Top 8 - Erikos Bek vs Niko Schlierkamp
True,2018 YCS: Yu-Gi-Oh Championship Series - Utrecht,Top 4,Dinh-Kha Bui,Unknown,Andreas Vrellos,Unknown,PLIm0Rt8gzRburE-D3lYnL5QL6INZRSHn2,2018 YCS: Yu-Gi-Oh Championship Series - Utrecht - Top 4 - Dinh-Kha Bui vs Andreas Vrellos
True,YCS Utrecht 2018,Final,Dinh-Kha Bui,Unknown,Niko Schlierkamp,Unknown,PLIm0Rt8gzRburE-D3lYnL5QL6INZRSHn2,2018 YCS: Yu-Gi-Oh Championship Series - Utrecht - Final - Dinh-Kha Bui vs Niko Schlierkamp
True,European Yu-Gi-Oh! Championship 2022,Final,Zio Mundry,Unknown,Marcus Patel,Unknown,PLIm0Rt8gzRbtsvJLX5Jz3_XP401RpPNw_,Final – Zio Mundry vs. Marcus Patel – European Yu-Gi-Oh! Championship 2022 – Day 2
True,European Yu-Gi-Oh! Championship 2022,Top 8,Ryhan Jabri,Unknown,Lars Junginger,Unknown,PLIm0Rt8gzRbtsvJLX5Jz3_XP401RpPNw_,Top 8 – Ryhan Jabri vs. Lars Junginger – European Yu-Gi-Oh! Championship 2022 – Day 2
True,European Yu-Gi-Oh! Championship 2022,Top 4,Zio Mundry,Unknown,Lars Junginger,Unknown,PLIm0Rt8gzRbtsvJLX5Jz3_XP401RpPNw_,Top 4 – Zio Mundry vs. Lars Junginger – European Yu-Gi-Oh! Championship 2022 – Day 2
True,European Yu-Gi-Oh! Championship 2022,Top 64,Calum Cook,Unknown,Georgi Kovachev,Unknown,PLIm0Rt8gzRbtsvJLX5Jz3_XP401RpPNw_,Top 64 – Calum Cook vs. Georgi Kovachev – European Yu-Gi-Oh! Championship 2022 – Day 2
True,European Yu-Gi-Oh! Championship 2022,Top 16,Joshua Schmidt,Unknown,Herman Hansson,Unknown,PLIm0Rt8gzRbtsvJLX5Jz3_XP401RpPNw_,Top 16 – Joshua Schmidt  vs. Herman Hansson – European Yu-Gi-Oh! Championship 2022 – Day 2
True,European Yu-Gi-Oh! Championship 2022,Top 32,Alex Robertson,Unknown,Lars Junginger,Unknown,PLIm0Rt8gzRbtsvJLX5Jz3_XP401RpPNw_,Top 32 – Alex Robertson vs. Lars Junginger – European Yu-Gi-Oh! Championship 2022 – Day 2
True,European Yu-Gi-Oh! Championship 2022,Top 128,Pietro Dardini,Unknown,Stephanos Fostieris,Unknown,PLIm0Rt8gzRbtsvJLX5Jz3_XP401RpPNw_,Top 128 – Pietro Dardini vs. Stephanos Fostieris – European Yu-Gi-Oh! Championship 2022 – Day
True,European Yu-Gi-Oh! Championship 2022,Round 12,Robin Dulin,Unknown,Tim Koller,Unknown,PLIm0Rt8gzRbtsvJLX5Jz3_XP401RpPNw_,Round 12 – Robin Dulin vs. Tim Koller – European Yu-Gi-Oh! Championship 2022 – Day 2
True,European Yu-Gi-Oh! Championship 2022,Round 11,Alex Robertson,Unknown,Adam Fleming,Unknown,PLIm0Rt8gzRbtsvJLX5Jz3_XP401RpPNw_,Round 11 – Alex Robertson vs. Adam Fleming – European Yu-Gi-Oh! Championship 2022 – Day 2
True,European Yu-Gi-Oh! Championship 2022,Round 10,Claus Schledorn,Unknown,Marcus Patel,Unknown,PLIm0Rt8gzRbtsvJLX5Jz3_XP401RpPNw_,Round 10 – Claus Schledorn vs. Marcus Patel – European Yu-Gi-Oh! Championship 2022 – Day 2
True,European Yu-Gi-Oh! Championship 2022,Round 9,Arthur Tarrieu,Unknown,Alvaro Bonilla,Unknown,PLIm0Rt8gzRbtsvJLX5Jz3_XP401RpPNw_,Round 9 – Arthur Tarrieu vs. Alvaro Bonilla – European Yu-Gi-Oh! Championship 2022 – Day 1
True,European Yu-Gi-Oh! Championship 2022,Round 8,Oliver Newton,Unknown,Lorenzo Massi,Unknown,PLIm0Rt8gzRbtsvJLX5Jz3_XP401RpPNw_,Round 8 – Oliver Newton vs. Lorenzo Massi – European Yu-Gi-Oh! Championship 2022 – Day 1
True,European Yu-Gi-Oh! Championship 2022,Round 7,Kian Shahbazi,Unknown,Luigi Amato,Unknown,PLIm0Rt8gzRbtsvJLX5Jz3_XP401RpPNw_,Round 7 – Kian Shahbazi vs. Luigi Amato – European Yu-Gi-Oh! Championship 2022 – Day 1
True,European Yu-Gi-Oh! Championship 2022,Round 5,Anze Beljan,Unknown,Dinh-Kha Bui,Unknown,PLIm0Rt8gzRbtsvJLX5Jz3_XP401RpPNw_,Round 5 – Anze Beljan 🇭🇷 vs. Dinh-Kha Bui 🇩🇪 – European Yu-Gi-Oh! Championship 2022
True,European Yu-Gi-Oh! Championship 2022,Round 6,Michael Forner,Unknown,Franceso Papini,Unknown,PLIm0Rt8gzRbtsvJLX5Jz3_XP401RpPNw_,Round 6 – Michael Forner 🇮🇹 vs. Franceso Papini 🇮🇹 – European Yu-Gi-Oh! Championship
True,European Yu-Gi-Oh! Championship 2022,Round 3,Diego Ganzerli,Unknown,Joe White,Unknown,PLIm0Rt8gzRbtsvJLX5Jz3_XP401RpPNw_,Round 3 – Diego Ganzerli 🇮🇹 vs. Joe White 🇬🇧 – European Yu-Gi-Oh! Championship 2022 – Day 1
True,European Yu-Gi-Oh! Championship 2022,Round 4,Luka Forjan,Unknown,Vladis Baranovskis,Unknown,PLIm0Rt8gzRbtsvJLX5Jz3_XP401RpPNw_,Round 4 – Luka Forjan 🇭🇷 vs. Vladis Baranovskis 🇮🇪 – European Yu-Gi-Oh! Championship
True,European Yu-Gi-Oh! Championship 2022,Round 2,Herman Hansson,Unknown,Raphael Movsesian,Unknown,PLIm0Rt8gzRbtsvJLX5Jz3_XP401RpPNw_,Round 2 – Herman Hansson 🇸🇪 vs. Raphael Movsesian 🇫🇷 – European Yu-Gi-Oh! Championship 2022 – Day 1
True,YCS Ghent 2019,Round 9,Alexandre Pousset,Unknown,Marvin Schmidt,Unknown,PLIm0Rt8gzRbvQIL8kLAlzf2b1frm5P6jR,YCS Ghent 2019 - Round 9 - Alexandre Pousset vs. Marvin Schmidt (part2)
True,YCS Milan 2019,Round 1,Adrien Sierro,Unknown,Federico Mecozzi,Unknown,PLIm0Rt8gzRbubZdC-3nwjMmf4XnBa3XcX,YCS Milan 2019 - Round 1 - Adrien Sierro vs. Federico Mecozzi
True,YCS Milan 2019,Round 7,Matteo Bertulezzi,Unknown,Quentin Royer,Block Dragon Burning Abyss,PLIm0Rt8gzRbubZdC-3nwjMmf4XnBa3XcX,YCS Milan 2019 - Round 7 - Matteo Bertulezzi vs. Quentin Royer
True,2019 YCS Sydney,Final,Jesse Kotton,Unknown,Onur Gezer,Unknown,PLIm0Rt8gzRburNEkrpAZchPkgIHfvOhYf,2019 YCS Sydney - Final - Jesse Kotton vs. Onur Gezer
True,2019 YCS Sydney,Top 8,Lincoln Johnston,Unknown,Peter Mitrothanasis,Unknown,PLIm0Rt8gzRburNEkrpAZchPkgIHfvOhYf,2019 YCS Sydney - TOP8 - Lincoln Johnston vs. Peter Mitrothanasis
True,2019 YCS Sydney,Top 32,Cameron Aiezza,Unknown,Elton Zhang,Unknown,PLIm0Rt8gzRburNEkrpAZchPkgIHfvOhYf,2019 YCS Sydney - TOP32 Match 2 - Cameron Aiezza vs. Elton Zhang
True,2019 YCS Sydney,Top 16,Jesse Kotton,Unknown,Isaac Stott,Unknown,PLIm0Rt8gzRburNEkrpAZchPkgIHfvOhYf,2019 YCS Sydney - TOP16 - Jesse Kotton vs. Isaac Stott
True,2019 YCS Sydney,Top 4,Onur Gezer,Unknown,Bohdan Temnyk,Unknown,PLIm0Rt8gzRburNEkrpAZchPkgIHfvOhYf,2019 YCS Sydney - TOP4 - Onur Gezer vs. Bohdan Temnyk
True,2019 YCS Sydney,Top 32 Match 1,Jason Maher,Unknown,Janah Singer,Unknown,PLIm0Rt8gzRburNEkrpAZchPkgIHfvOhYf,2019 YCS Sydney - TOP32 Match 1 - Jason Maher vs. Janah Singer
True,2019 YCS Sydney,Round 10,Nathan Kosc,Unknown,Patrick Safranko,Unknown,PLIm0Rt8gzRburNEkrpAZchPkgIHfvOhYf,2019 YCS Sydney- Round 10 - Nathan Kosc vs. Patrick Safranko
True,2019 YCS Sydney,Round 8,Koji Yajima,Unknown,Liam Debono,Unknown,PLIm0Rt8gzRburNEkrpAZchPkgIHfvOhYf,2019 YCS Sydney- Round 8 - Koji Yajima vs. Liam Debono
True,2019 YCS Sydney,Round 9,Liam Andrews,Unknown,Weisi Chen,Unknown,PLIm0Rt8gzRburNEkrpAZchPkgIHfvOhYf,2019 YCS Sydney- Round 9 - Liam Andrews vs. Weisi Chen
True,2019 YCS Sydney,Round 7,Michael Duke,Unknown,Alex Chambers,Unknown,PLIm0Rt8gzRburNEkrpAZchPkgIHfvOhYf,2019 YCS Sydney- Round 7 - Michael Duke vs. Alex Chambers
True,2019 YCS Sydney,Round 6,Blake Charles,Unknown,Onur Gezer,Unknown,PLIm0Rt8gzRburNEkrpAZchPkgIHfvOhYf,2019 YCS Sydney- Round 6 - Blake Charles vs. Onur Gezer
True,2019 YCS Sydney,Round 5,Shane Hage,Unknown,Bohdan Temnyk,Unknown,PLIm0Rt8gzRburNEkrpAZchPkgIHfvOhYf,2019 YCS Sydney- Round 5 - Shane Hage vs. Bohdan Temnyk
True,2019 YCS Sydney,Round 4,Cameron Aiezza,Unknown,Daniel Kitson,Unknown,PLIm0Rt8gzRburNEkrpAZchPkgIHfvOhYf,2019 YCS Sydney - Round 4 - Cameron Aiezza vs. Daniel Kitson
True,2019 YCS Sydney,Round 3,Frank Geracitano,Unknown,Poe Jiang,Unknown,PLIm0Rt8gzRburNEkrpAZchPkgIHfvOhYf,2019 YCS Sydney - Round 3 - Frank Geracitano vs. Poe Jiang
True,2019 YCS Sydney,Round 2 Match 1,Axel Goodall,Unknown,Bradley Bugeja,Unknown,PLIm0Rt8gzRburNEkrpAZchPkgIHfvOhYf,2019 YCS Sydney - Round 2 Match 1 - Axel Goodall vs. Bradley Bugeja
True,2019 YCS Sydney,Round 2 Match 2,Ken Hy,Unknown,Daniel Peck,Unknown,PLIm0Rt8gzRburNEkrpAZchPkgIHfvOhYf,2019 YCS Sydney - Round 2 Match 2 - Ken Hy vs. Daniel Peck
True,YCS Sydney 2017,Final,Bohdan Temnyk,Unknown,Michael Duke,Unknown,PLIm0Rt8gzRbuwoMC-m7OWUgD_Uuqt_5Km,YCS Sydney 2017: Final
True,YCS Sydney 2017,Top 4,Bohdan Temnyk,Unknown,Mark Key,Unknown,PLIm0Rt8gzRbuwoMC-m7OWUgD_Uuqt_5Km,YCS Sydney 2017: Top 4
True,2019 YCS Sydney,Round 1,Christopher Booth,Unknown,Ryan Levine,Unknown,PLIm0Rt8gzRburNEkrpAZchPkgIHfvOhYf,2019 YCS Sydney - Round 1 - Christopher Booth vs. Ryan Levine
True,YCS Sydney 2017,Top 8,Li Lee,Unknown,Luke Campisi,Unknown,PLIm0Rt8gzRbuwoMC-m7OWUgD_Uuqt_5Km,YCS Sydney 2017: Top 8
True,YCS Sydney 2017,Top 32,Ryan Levine,Unknown,Michael Duke,Unknown,PLIm0Rt8gzRbuwoMC-m7OWUgD_Uuqt_5Km,YCS Sydney 2017: Top 32
True,YCS Sydney 2017,Top 16,Patrick Safranko,Unknown,Cameron Nyhuis,Unknown,PLIm0Rt8gzRbuwoMC-m7OWUgD_Uuqt_5Km,YCS Sydney 2017: Round 16
True,YCS Sydney 2017,Round 9,Bradley Brugeja,Unknown,Lincoln Morrissey,Unknown,PLIm0Rt8gzRbuwoMC-m7OWUgD_Uuqt_5Km,YCS Sydney 2017: Round 9
True,YCS Sydney 2017,Round 10,Callum Scott,Unknown,Onur Gezer,Unknown,PLIm0Rt8gzRbuwoMC-m7OWUgD_Uuqt_5Km,YCS Sydney 2017: Round 10
True,YCS Sydney 2017,Round 8,Oliver Parle,Unknown,Leo Chen,Unknown,PLIm0Rt8gzRbuwoMC-m7OWUgD_Uuqt_5Km,YCS Sydney 2017: Round 8
True,YCS Sydney 2017,Round 4,Ryo Takeyama,Unknown,Troy McCarthy,Unknown,PLIm0Rt8gzRbuwoMC-m7OWUgD_Uuqt_5Km,YCS Sydney 2017: Round 4
True,YCS Sydney 2017,Round 7,Newsun Zeng,Unknown,Matthew Casserio,Unknown,PLIm0Rt8gzRbuwoMC-m7OWUgD_Uuqt_5Km,YCS Sydney 2017: Round 7
True,YCS Sydney 2017,Round 5,Alex Chambers,Unknown,Junfan Zhu,Unknown,PLIm0Rt8gzRbuwoMC-m7OWUgD_Uuqt_5Km,YCS Sydney 2017: Round 5
True,YCS Sydney 2017,Round 1,Liam Fardell,Unknown,Jordan Westbroke,Unknown,PLIm0Rt8gzRbuwoMC-m7OWUgD_Uuqt_5Km,YCS Sydney 2017: Round 6
True,YCS Sydney 2017,Round 2,Dylan Barnes-Eliott,Unknown,Chris Matthew,Unknown,PLIm0Rt8gzRbuwoMC-m7OWUgD_Uuqt_5Km,YCS Sydney 2017: Round 2
True,YCS Sydney 2017,Round 3,Alex Choi,Unknown,Adam Cass,Unknown,PLIm0Rt8gzRbuwoMC-m7OWUgD_Uuqt_5Km,YCS Sydney 2017: Round 3
True,YCS Sydney 2017,Round 1,Yaowei Zhang,Unknown,Daniel Nies,Unknown,PLIm0Rt8gzRbuwoMC-m7OWUgD_Uuqt_5Km,YCS Sydney 2017: Round 1
True,2016 WCQ: German National Championship,Final,Florian Behrend,Unknown,Timo Hempel,Unknown,PLIm0Rt8gzRbtCvzE6j2-6uD5cfNqnIVw2,2016 WCQ: German National Championship  - FINAL
True,2016 WCQ: German National Championship,Top 4,Florian Behrend,Unknown,Dominic Nicens,Unknown,PLIm0Rt8gzRbtCvzE6j2-6uD5cfNqnIVw2,2016 WCQ: German National Championship  - Top 4
True,2016 WCQ: German National Championship,Top 8,Timo Hempel,Unknown,Patrick Haggert,Unknown,PLIm0Rt8gzRbtCvzE6j2-6uD5cfNqnIVw2,2016 WCQ: German National Championship  - Top 8
True,2016 WCQ: German National Championship,Top 16,Lorenzo Roma,Unknown,Andreas Gerlach,Unknown,PLIm0Rt8gzRbtCvzE6j2-6uD5cfNqnIVw2,2016 WCQ: German National Championship  - Top 16
True,2016 WCQ: German National Championship,Top 32,Pitai Meyer,Unknown,Sascha Fabian,Unknown,PLIm0Rt8gzRbtCvzE6j2-6uD5cfNqnIVw2,2016 WCQ: German National Championship - Top 32
True,2016 WCQ: German National Championship,Top 64,Emre Kizilates,Unknown,Linus Thaler,Unknown,PLIm0Rt8gzRbtCvzE6j2-6uD5cfNqnIVw2,2016 WCQ: German National Championship - Top 64
True,2016 WCQ: German National Championship,Round 10,Lorenzo Roma,Unknown,Andreas Gerlach,Unknown,PLIm0Rt8gzRbtCvzE6j2-6uD5cfNqnIVw2,2016 WCQ: German National Championship  - Round 10
True,2016 WCQ: German National Championship,Round 9,Martin Koch,Unknown,Markus Schmid,Unknown,PLIm0Rt8gzRbtCvzE6j2-6uD5cfNqnIVw2,2016 WCQ: German National Championship  - Round 9
True,2016 WCQ: German National Championship,Round 8,Michael,Unknown,Dennis,Unknown,PLIm0Rt8gzRbtCvzE6j2-6uD5cfNqnIVw2,2016 WCQ: German National Championship - Round 8
True,2016 WCQ: German National Championship,Round 7,Eugen Heidt,Unknown,Markus Burtchen,Unknown,PLIm0Rt8gzRbtCvzE6j2-6uD5cfNqnIVw2,2016 WCQ: German National Championship - Round 7
True,2016 WCQ: German National Championship,Round 4,Joado De Noronha,Unknown,Lorenzo Roma,Unknown,PLIm0Rt8gzRbtCvzE6j2-6uD5cfNqnIVw2,2016 WCQ: German National Championship - Round 4
True,2016 WCQ: German National Championship,Round 5,Florian Giesa,Unknown,Jan Grönke,Unknown,PLIm0Rt8gzRbtCvzE6j2-6uD5cfNqnIVw2,2016 WCQ: German National Championship - Round 5
True,2016 WCQ: German National Championship,Round 6,Marcel Brunner,Unknown,Daniel Hogenmüller,Unknown,PLIm0Rt8gzRbtCvzE6j2-6uD5cfNqnIVw2,2016 WCQ: German National Championship - Round 6
True,2016 WCQ: German National Championship,Round 3,Jens Eckardt,Unknown,Alexander Gadalla,Unknown,PLIm0Rt8gzRbtCvzE6j2-6uD5cfNqnIVw2,2016 WCQ: German National Championship - Round 3
True,2016 WCQ: German National Championship,Round 2,Dominik Barz,Unknown,Safak Sahin,Unknown,PLIm0Rt8gzRbtCvzE6j2-6uD5cfNqnIVw2,2016 WCQ: German National Championship - Round 2
True,2014 World Championship,Final,Shunsuke Hiyama,Unknown,Sehabi Kheiredd,Unknown,PLIm0Rt8gzRbuBwwHoazOzCj6s3_67kj8e,2014 World Championship: Final Match
True,2014 World Championship Dragon Duel,Final Match,Kim Chan-ho,Unknown,Ivan Alvarez,Unknown,PLIm0Rt8gzRbuBwwHoazOzCj6s3_67kj8e,2014 World Championship Dragon Duel: Final Match
True,2014 World Championship,3rd / 4th Place,Niccoló Mazzoleni,Unknown,Oliver Tomajko,Unknown,PLIm0Rt8gzRbuBwwHoazOzCj6s3_67kj8e,2014 World Championship: 3rd / 4th Place
True,2014 World Championship Dragon Duel,3rd / 4th Place Match,Clayton Hill,Unknown,Brandon Bird,Unknown,PLIm0Rt8gzRbuBwwHoazOzCj6s3_67kj8e,2014 World Championship Dragon Duel: 3rd / 4th Place Match
True,2014 World Championship,Top 4 Feature Match,Shunsuke Hiyama,Unknown,Niccoló Mazzoleni,Unknown,PLIm0Rt8gzRbuBwwHoazOzCj6s3_67kj8e,2014 World Championship: Top 4 Feature Match
True,2014 World Championship Dragon Duel,Top 8,Motoi Arai,Unknown,Kim Chan-ho,Unknown,PLIm0Rt8gzRbuBwwHoazOzCj6s3_67kj8e,2014 World Championship Dragon Duel: Top 8 Feature Match
True,2014 World Championship,Round 5,Sean McCabe,Unknown,Sehabi Kheireddine,Unknown,PLIm0Rt8gzRbuBwwHoazOzCj6s3_67kj8e,2014 World Championship: Round 5 Feature Match
True,2014 World Championship,Round 4 Feature Match,Nao Murakami,Unknown,Bill McCavitt,Unknown,PLIm0Rt8gzRbuBwwHoazOzCj6s3_67kj8e,2014 World Championship: Round 4 Feature Match
True,2014 World Championship,Round 3 Feature Match,Edison Pan,Unknown,Ivan Alvarez,Unknown,PLIm0Rt8gzRbuBwwHoazOzCj6s3_67kj8e,2014 World Championship: Round 3 Feature Match
True,2014 World Championship,Round 2 Feature Match,Oliver Tomajko,Unknown,Rogger Antonio Vera Moran,Unknown,PLIm0Rt8gzRbuBwwHoazOzCj6s3_67kj8e,2014 World Championship: Round 2 Feature Match
True,2014 World Championship,Round 1 Feature Match,Eugen Heidt,Unknown,Shin-En Huang,Unknown,PLIm0Rt8gzRbuBwwHoazOzCj6s3_67kj8e,2014 World Championship: Round 1 Feature Match
True,2017 World Championship,Round 1,Aaron Furman,Unknown,Ryan Slot,Unknown,PLIm0Rt8gzRbtF0raJMkgb_AVj7Kyqnwn7,2017 World Championship | TCG All-Ages | Round 1: Aaron Furman vs Ryan Slot
True,2017 World Championship,Round 2,Dkayed,Unknown,Samsung Yoshida,Unknown,PLIm0Rt8gzRbtF0raJMkgb_AVj7Kyqnwn7,2017 World Championship | Duel Links | Round 2: Dkayed vs Samsung Yoshida
True,2017 World Championship TCG Dragon Duel,Round 3,Charley Futch III,Unknown,Felix Rau,Unknown,PLIm0Rt8gzRbtF0raJMkgb_AVj7Kyqnwn7,2017 World Championship | TCG Dragon Duel | Round 3: Charley Futch III vs Felix Rau
True,2017 World Championship,Round 4,Roland Fang,Unknown,Marcello Barberi,Unknown,PLIm0Rt8gzRbtF0raJMkgb_AVj7Kyqnwn7,2017 World Championship | TCG All-Ages | Round 4: Roland Fang vs Marcello Barberi
True,2017 World Championship,Quarter Final,Ryan Yu,Unknown,Connor Dwyer,Unknown,PLIm0Rt8gzRbtF0raJMkgb_AVj7Kyqnwn7,2017 World Championship | TCG Dragon Duel | Quarter Final: Ryan Yu vs Connor Dwyer
True,2017 World Championship,Round 5,dgzo,Unknown,Tutpup,Unknown,PLIm0Rt8gzRbtF0raJMkgb_AVj7Kyqnwn7,2017 World Championship | Duel Links | Round 5: dgzo vs Tutpup
True,2017 World Championship,Semi Final,Marcello Barberi,Unknown,Shen-Fei Milton Chua,Unknown,PLIm0Rt8gzRbtF0raJMkgb_AVj7Kyqnwn7,2017 World Championship | TCG All-Ages | Semi Final: Marcello Barberi vs Shen-Fei Milton Chua
True,2017 World Championship,Quarter Final,Naoki Takeda,Unknown,Michael Forner,Unknown,PLIm0Rt8gzRbtF0raJMkgb_AVj7Kyqnwn7,2017 World Championship | TCG All-Ages | Quarter Final: Naoki Takeda vs Michael Forner
True,2017 World Championship,3rd Place Match,Marcello Barberi,Unknown,Michael Forner,Unknown,PLIm0Rt8gzRbtF0raJMkgb_AVj7Kyqnwn7,2017 World Championship | TCG All-Ages | 3rd Place Match: Marcello Barberi vs Michael Forner
True,2017 World Championship,Final,Timmy,Unknown,Tutpup,Unknown,PLIm0Rt8gzRbtF0raJMkgb_AVj7Kyqnwn7,2017 World Championship | Duel Links | Final: Timmy vs Tutpup
True,2017 World Championship (TCG Dragon Duel),Final,Rafael Mariano Reich,Unknown,Ryan Yu,Unknown,PLIm0Rt8gzRbtF0raJMkgb_AVj7Kyqnwn7,2017 World Championship | TCG Dragon Duel | Final: Rafael Mariano Reich vs Ryan Yu
True,2017 World Championship,Final,Ryosuke Tsujimura,Unknown,Shen-Fei Milton Shua,Unknown,PLIm0Rt8gzRbtF0raJMkgb_AVj7Kyqnwn7,2017 World Championship | TCG All-Ages | Final: Ryosuke Tsujimura vs Shen-Fei Milton Shua
True,2017 WCQ: Spanish Nationals,Round 3,Sigrid Alvarez,Unknown,Alvaro Bonilla,Unknown,PLIm0Rt8gzRbsKkfRBUEAtYDGBlH8fVkud,2017 WCQ: Spanish Nationals | Round 3
True,2017 WCQ: Spanish Nationals,Round 4,Ignacio García Ruano,Unknown,Alberto López Pastor,Unknown,PLIm0Rt8gzRbsKkfRBUEAtYDGBlH8fVkud,2017 WCQ: Spanish Nationals | Round 4
True,2017 WCQ: Spanish Nationals,Round 6,Antonio Ripoll,Unknown,Adrián Santiago,Unknown,PLIm0Rt8gzRbsKkfRBUEAtYDGBlH8fVkud,2017 WCQ: Spanish Nationals | Round 6
True,2017 WCQ: Spanish Nationals,Round 5,Felipe de la Cruz,Unknown,Yan Yang,Unknown,PLIm0Rt8gzRbsKkfRBUEAtYDGBlH8fVkud,2017 WCQ: Spanish Nationals | Round 5
True,2017 WCQ: Spanish Nationals,Round 7,Iván Navarro,Unknown,Samory Djalo,Unknown,PLIm0Rt8gzRbsKkfRBUEAtYDGBlH8fVkud,2017 WCQ: Spanish Nationals | Round 7
True,2017 WCQ: Spanish Nationals,Round 8,Ibai Blanco,Unknown,Eros Tamargo,Unknown,PLIm0Rt8gzRbsKkfRBUEAtYDGBlH8fVkud,2017 WCQ: Spanish Nationals | Round 8
True,2017 WCQ: Spanish Nationals,Top 16,Erik Ugarte,Unknown,Adrián Santiago,Unknown,PLIm0Rt8gzRbsKkfRBUEAtYDGBlH8fVkud,2017 WCQ: Spanish Nationals | Top 16
True,2017 WCQ: Spanish Nationals,Top 8,Adrián Fernandez,Unknown,Roberto Salcines,Unknown,PLIm0Rt8gzRbsKkfRBUEAtYDGBlH8fVkud,2017 WCQ: Spanish Nationals | Top 8
True,2017 WCQ: Spanish Nationals,Finals,Eder Alonso,Unknown,Felipe de la Cruz,Unknown,PLIm0Rt8gzRbsKkfRBUEAtYDGBlH8fVkud,2017 WCQ: Spanish Nationals | Finals
True,2018 WCQ: National Championship - UK,Round 8,Usman Mannan,Unknown,Samuel Arnett,Unknown,PLIm0Rt8gzRbtlF-ldXXFmhRTym7L5yk23,2018 WCQ: National Championship - UK - Round 8 - Usman Mannan vs Samuel Arnett
True,Ultimate Time Wizard 2010 YCS Bologna 2024,Round 2,Unknown,Lightsworn,Unknown,Chaos Fairy,PLIm0Rt8gzRbvoTO6w4CBrg0uOJmsPZYMQ,Round 2 - Lightsworn vs Chaos Fairy - Ultimate Time Wizard 2010 YCS Bologna 2024
True,YCS Bologna 2024,Round 1,Unknown,Plants,Unknown,Frog HERO,PLIm0Rt8gzRbvoTO6w4CBrg0uOJmsPZYMQ,Round 1 - Plants vs Frog HERO - Ultimate Time Wizard 2010 YCS Bologna 2024
True,Ultimate Time Wizard 2010 YCS Bologna 2024,Round 3,Unknown,Machina Gadget,Unknown,Blackwing,PLIm0Rt8gzRbvoTO6w4CBrg0uOJmsPZYMQ,Round 3 - Machina Gadget vs Blackwing - Ultimate Time Wizard 2010 YCS Bologna 2024
True,Ultimate Time Wizard 2010 YCS Bologna 2024,Round 5,Unknown,Blackwing,Unknown,Frog Monarch,PLIm0Rt8gzRbvoTO6w4CBrg0uOJmsPZYMQ,Round 5 - Blackwing vs Frog Monarch - Ultimate Time Wizard 2010 YCS Bologna 2024
True,Ultimate Time Wizard 2010 YCS Bologna 2024,Round 4,Unknown,Machina Synchro,Unknown,Flamvell Frog,PLIm0Rt8gzRbvoTO6w4CBrg0uOJmsPZYMQ,Round 4 - Machina Synchro vs Flamvell Frog - Ultimate Time Wizard 2010 YCS Bologna 2024
True,Ultimate Time Wizard 2010 YCS Bologna 2024,Round 7,Unknown,Blackwing,Unknown,Gladiator Beast,PLIm0Rt8gzRbvoTO6w4CBrg0uOJmsPZYMQ,Round 7 - Blackwing vs Gladiator Beast - Ultimate Time Wizard 2010 YCS Bologna 2024
True,Ultimate Time Wizard 2010 YCS Bologna 2024,Round 6,Unknown,Gladiator Beast,Unknown,Gladiator Beast,PLIm0Rt8gzRbvoTO6w4CBrg0uOJmsPZYMQ,Round 6 - Gladiator Beast vs Gladiator Beast - Ultimate Time Wizard 2010 YCS Bologna 2024
True,Ultimate Time Wizard 2010 YCS Bologna 2024,Round 8,Unknown,Blackwing,Unknown,Zombie,PLIm0Rt8gzRbvoTO6w4CBrg0uOJmsPZYMQ,Round 8 - Blackwing vs Zombie - Ultimate Time Wizard 2010 YCS Bologna 2024
True,YCS Bologna 2024,Top 4,Unknown,Gladiator Beast,Unknown,Blackwing,PLIm0Rt8gzRbvoTO6w4CBrg0uOJmsPZYMQ,Top 4 - Gladiator Beast vs Blackwing - Ultimate Time Wizard 2010 YCS Bologna 2024
True,Ultimate Time Wizard 2010 YCS Bologna 2024,Top 8,Unknown,Blackwing,Unknown,Blackwing,PLIm0Rt8gzRbvoTO6w4CBrg0uOJmsPZYMQ,Top 8 - Blackwing vs Blackwing -  Ultimate Time Wizard 2010 YCS Bologna 2024
True,YCS Bologna 2024,Final,Unknown,Blackwing,Unknown,Blackwing,PLIm0Rt8gzRbvoTO6w4CBrg0uOJmsPZYMQ,Final - Blackwing vs Blackwing - Ultimate Time Wizard 2010 YCS Bologna 2024
True,2018 Yu-Gi-Oh! TCG World Championship,Quarter-Final,Unknown,Unknown,Unknown,Unknown,PLIm0Rt8gzRbvqW-711158U4fL3Mk_aZCh,2018 Yu-Gi-Oh! TCG World Championship - Quarter-Final
True,2018 Yu-Gi-Oh! TCG World Championship,Semi-Final,Unknown,Unknown,Unknown,Unknown,PLIm0Rt8gzRbvqW-711158U4fL3Mk_aZCh,2018 Yu-Gi-Oh! TCG World Championship - Semi-Final
True,2018 Yu-Gi-Oh! TCG World Championship,3rd Place Playoff,Unknown,Unknown,Unknown,Unknown,PLIm0Rt8gzRbvqW-711158U4fL3Mk_aZCh,2018 Yu-Gi-Oh! TCG World Championship - 3rd Place Playoff
True,2018 Yu-Gi-Oh! TCG World Championship,Unknown,Ryosuke Tsujimura,Unknown,Poe Jiang,Unknown,PLIm0Rt8gzRbvqW-711158U4fL3Mk_aZCh,2018 Yu-Gi-Oh! TCG World Championship - Ryosuke Tsujimura vs Poe Jiang
True,2018 Yu-Gi-Oh! TCG World Championship,Final,Unknown,Unknown,Unknown,Unknown,PLIm0Rt8gzRbvqW-711158U4fL3Mk_aZCh,2018 Yu-Gi-Oh! TCG World Championship - Final & Award Ceremony
True,Ultimate Time Wizard 2010 YCS Birmingham 2025,Round 3,Unknown,Stardust Dragon / Assault Mode,Unknown,Frogs,PLIm0Rt8gzRbvP8EGZykEEQIzaZ2gK8FSF,Round 3 - Stardust Dragon / Assault Mode vs Frogs - Ultimate Time Wizard 2010 YCS Birmingham 2025
True,Ultimate Time Wizard 2010 YCS Birmingham 2025,Round 6,Unknown,Macro Cosmos,Unknown,Plants,PLIm0Rt8gzRbvP8EGZykEEQIzaZ2gK8FSF,Round 6 - Macro Cosmos vs Plants - Ultimate Time Wizard 2010 YCS Birmingham 2025
True,Ultimate Time Wizard 2010 YCS Birmingham 2025,Round 4,Unknown,Frog HERO,Unknown,Dragons,PLIm0Rt8gzRbvP8EGZykEEQIzaZ2gK8FSF,Round 4 - Frog HERO vs Dragons - Ultimate Time Wizard 2010 YCS Birmingham 2025
True,YCS Birmingham 2025,Round 1,Unknown,Zombie Lightsworn,Unknown,Chaos Fairy,PLIm0Rt8gzRbvP8EGZykEEQIzaZ2gK8FSF,Round 1 - Zombie Lightsworn vs Chaos Fairy - Ultimate Time Wizard 2010 YCS Birmingham 2025
True,Ultimate Time Wizard 2010 YCS Birmingham 2025,Final,Unknown,Machina,Unknown,Frogs,PLIm0Rt8gzRbvP8EGZykEEQIzaZ2gK8FSF,Final - Machina vs Frogs - Ultimate Time Wizard 2010 YCS Birmingham 2025
True,YCS Birmingham 2025,Round 7,Unknown,Gladiator Beasts,Unknown,Dragons,PLIm0Rt8gzRbvP8EGZykEEQIzaZ2gK8FSF,Round 7 - Gladiator Beasts vs Dragons - Ultimate Time Wizard 2010 YCS Birmingham 2025
True,Ultimate Time Wizard 2010 YCS Birmingham 2025,Round 8,Unknown,Frogs,Unknown,Blackwing,PLIm0Rt8gzRbvP8EGZykEEQIzaZ2gK8FSF,Round 8 - Frogs vs Blackwing - Ultimate Time Wizard 2010 YCS Birmingham 2025
True,Ultimate Time Wizard 2010 YCS Birmingham 2025,Top 4,Unknown,Machina,Unknown,Blackwing,PLIm0Rt8gzRbvP8EGZykEEQIzaZ2gK8FSF,Top 4 - Machina vs Blackwing - Ultimate Time Wizard 2010 YCS Birmingham 2025
True,Ultimate Time Wizard 2010 YCS Birmingham 2025,Top 8,Unknown,Machina,Unknown,Blackwing,PLIm0Rt8gzRbvP8EGZykEEQIzaZ2gK8FSF,Top 8 - Machina vs Blackwing - Ultimate Time Wizard 2010 YCS Birmingham 2025
True,Greek OPEN,Round 5,Koutentakis I.,Unknown,Mourikis X.,Unknown,PLIm0Rt8gzRbu0W_Ov0RLECOx8ZW6mIEKp,Yu-Gi-Oh! Card EU | Greek OPEN Round 5 - Koutentakis I. vs Mourikis X.
True,2018 Yu-Gi-Oh! Duel Links World Championship,Unknown,Jason Chu,Unknown,Marjo Jahaj,Unknown,PLIm0Rt8gzRbuqtZFz-Sv7x1li19vA-ynQ,2018 Yu-Gi-Oh! Duel Links World Championship - Jason Chu vs Marjo Jahaj
True,2018 Yu-Gi-Oh! Duel Links World Championship,Unknown,Charlie Whyborne,Unknown,Alex Cheung,Unknown,PLIm0Rt8gzRbuqtZFz-Sv7x1li19vA-ynQ,2018 Yu-Gi-Oh! Duel Links World Championship - Charlie Whyborne vs Alex Cheung
True,2018 Yu-Gi-Oh! Duel Links World Championship,Unknown,Roy Svinik,Unknown,Ryoichi Kitahata,Unknown,PLIm0Rt8gzRbuqtZFz-Sv7x1li19vA-ynQ,2018 Yu-Gi-Oh! Duel Links World Championship - Roy Svinik vs Ryoichi Kitahata
True,2018 Yu-Gi-Oh! Duel Links World Championship,Unknown,Patricio,Unknown,Wzarimi Thayib,Unknown,PLIm0Rt8gzRbuqtZFz-Sv7x1li19vA-ynQ,2018 Yu-Gi-Oh! Duel Links World Championship - Patricio vs Wzarimi Thayib
True,2018 Yu-Gi-Oh! Duel Links World Championship,Final,Unknown,Unknown,Unknown,Unknown,PLIm0Rt8gzRbuqtZFz-Sv7x1li19vA-ynQ,2018 Yu-Gi-Oh! Duel Links World Championship - Final
True,Yu-Gi-Oh! World Championship 2019,Final,Chia Ching Wang,Unknown,Kouki Kosaka,Unknown,PLIm0Rt8gzRbsxRacuVerQ4REzU6zRQFXt,TCG Final – Yu-Gi-Oh! World Championship 2019 – Berlin – Chia Ching Wang vs. Kouki Kosaka
True,Yu-Gi-Oh! World Championship 2019,Dragon Duel Final,Sun Shang-En,Unknown,Vitus Krogh,Unknown,PLIm0Rt8gzRbsxRacuVerQ4REzU6zRQFXt,Dragon Duel Final – Yu-Gi-Oh! World Championship 2019 – Berlin – Sun Shang-En vs. Vitus Krogh
True,Remote Duel Yu-Gi-Oh! Championship Series 2021,Final,Max Timm,Unknown,Raphael Neven,Unknown,PLIm0Rt8gzRbtMPDnLGYFII_tUVnRM5ScA,Remote Duel Yu-Gi-Oh! Championship Series 2021 - Final - Max Timm vs. Raphael Neven
True,Remote Duel Yu-Gi-Oh! Championship Series 2021,Top 4,Raphael Neven,Unknown,Johannes Urbicht,Unknown,PLIm0Rt8gzRbtMPDnLGYFII_tUVnRM5ScA,Remote Duel Yu-Gi-Oh! Championship Series 2021 - Top 4 - Raphael Neven vs. Johannes Urbicht
True,Remote Duel Yu-Gi-Oh! Championship Series 2021,Top 4,Max Timm,Unknown,Axel Benoit,Unknown,PLIm0Rt8gzRbtMPDnLGYFII_tUVnRM5ScA,Remote Duel Yu-Gi-Oh! Championship Series 2021 - Top 4 - Max Timm vs. Axel Benoit
True,Remote Duel Yu-Gi-Oh! Championship Series 2021,Top 8,Raphael Neven,Unknown,Sam Pearson,Unknown,PLIm0Rt8gzRbtMPDnLGYFII_tUVnRM5ScA,Remote Duel Yu-Gi-Oh! Championship Series 2021 - Top 8 - Raphael Neven vs. Sam Pearson
True,Remote Duel Yu-Gi-Oh! Championship Series 2021,Top 8,Calum Cook,Unknown,Johannes Urbicht,Unknown,PLIm0Rt8gzRbtMPDnLGYFII_tUVnRM5ScA,Remote Duel Yu-Gi-Oh! Championship Series 2021 - Top 8 - Calum Cook vs. Johannes Urbicht
True,Remote Duel Yu-Gi-Oh! Championship Series 2021,Top 8,Axel Benoit,Unknown,Gabriel Netz,Unknown,PLIm0Rt8gzRbtMPDnLGYFII_tUVnRM5ScA,Remote Duel Yu-Gi-Oh! Championship Series 2021 - Top 8 - Axel Benoit vs. Gabriel Netz
True,Remote Duel Yu-Gi-Oh! Championship Series 2021,Top 8,Stratos Fotakis,Unknown,Max Timm,Unknown,PLIm0Rt8gzRbtMPDnLGYFII_tUVnRM5ScA,Remote Duel Yu-Gi-Oh! Championship Series 2021 - Top 8 - Stratos Fotakis vs. Max Timm
True,2018 Yu-Gi-Oh! TCG Dragon Duel World Championship,Quarter-Final,Unknown,Unknown,Unknown,Unknown,PLIm0Rt8gzRbuauJOWCGiWGDMbOrK_4lZz,2018 Yu-Gi-Oh! TCG Dragon Duel World Championship - Quarter-Final
True,2018 Yu-Gi-Oh! TCG Dragon Duel World Championship,Unknown,Charley Futch III,Unknown,Wu Hung-Wei,Unknown,PLIm0Rt8gzRbuauJOWCGiWGDMbOrK_4lZz,2018 Yu-Gi-Oh! TCG Dragon Duel World Championship - Charley Futch III vs Wu Hung-Wei
True,2018 Yu-Gi-Oh! TCG Dragon Duel World Championship,Unknown,Koizumi Yuto,Unknown,James English,Unknown,PLIm0Rt8gzRbuauJOWCGiWGDMbOrK_4lZz,2018 Yu-Gi-Oh! TCG Dragon Duel World Championship - Koizumi Yuto vs James English
True,2018 Yu-Gi-Oh! TCG World Dragon Duel Championship,Final,Unknown,Unknown,Unknown,Unknown,PLIm0Rt8gzRbuauJOWCGiWGDMbOrK_4lZz,2018 Yu-Gi-Oh! TCG World Dragon Duel Championship - Final
True,2024 Yu-Gi-Oh! MASTER DUEL World Championship Series,Semi-Final,Hero's Future,Unknown,snipehunters,Unknown,PLIm0Rt8gzRbvlG2IvMeWgyI8VNEMLnuQ_,Yu-Gi-Oh! 2024 World Championship Series - MASTER DUEL Semi-Final - Hero's Future vs snipehunters
True,2024 World Championship Series - Duel Links Rush Duel,Final,Voltalon,Unknown,QuantumCubes,Unknown,PLIm0Rt8gzRbvlG2IvMeWgyI8VNEMLnuQ_,Yu-Gi-Oh! 2024 World Championship Series - Duel Links Rush Duel Final - Voltalon vs QunatumCubes
True,2024 World Championship Series - Duel Links Speed Duel,Final,Sebastian V.,Unknown,Takuma K.,Unknown,PLIm0Rt8gzRbvlG2IvMeWgyI8VNEMLnuQ_,Yu-Gi-Oh! 2024 World Championship Series - Duel Links Speed Duel Final - Sebastian V. vs Takuma K.
True,2024 World Championship Series - MASTER DUEL,Final,snipehunters,Unknown,Team 7,Unknown,PLIm0Rt8gzRbvlG2IvMeWgyI8VNEMLnuQ_,Yu-Gi-Oh! 2024 World Championship Series - MASTER DUEL Final - snipehunters vs Team 7
True,WCQ Amsterdam,Final Match,Marcel Burri,Unknown,Eugen Heidt,Unknown,PLIm0Rt8gzRbtTio1RMkWdRH9bkRNmX-Gh,WCQ Amsterdam: Final Match
